ID,Name,ContactNo,Gender,TotalCallRequest,TotalChatRequest,status
1,"Ramanand Guruji",7777777777,Male,6,7,UnVerified
2,Arundhati,8888888888,Female,0,0,Verified
3,Jasmin,6666666666,Female,26,7,Verified
4,"Dr soni shastri",9999999998,Female,100,166,Verified
5,"Aacharya Jigyasu",8888855555,Male,2,18,Verified
6,"ravindar chaturvedi",7777776666,Male,0,1,Verified
7,"Rajendra Saxena",8888999986,Male,1,1,Verified
8,"Rajat Sharma",7777789999,Male,1,0,Verified
9,"Rahul Shastri",9797989896,Male,0,0,Verified
